<?xml version="1.0" encoding="UTF-8" standalone="yes"?>
<addon id="repository.kodibuilds" name="ndeering5.github.io" version="2.0" provider-name="ndeering5">
    <extension point="xbmc.addon.repository" name="Kodi Builds">
        <dir>
            <info compressed="false">https://raw.githubusercontent.com/ndeering5/ndeering5.github.io/master/repo/zips/addons.xml</info>
            <checksum>https://raw.githubusercontent.com/ndeering5/ndeering5.github.io/master/repo/zips/addons.xml.md5</checksum>
            <datadir zip="true">https://raw.githubusercontent.com/ndeering5/ndeering5.github.io/master/repo/zips/</datadir>
        </dir>
    </extension>
    <extension point="xbmc.addon.metadata">
        <summary>ndeering5.github.io</summary>
        <description>Kodi Builds</description>
        <disclaimer></disclaimer>
        <platform>all</platform>
        <assets>
            <icon>icon.png</icon>
            <fanart>fanart.jpg</fanart>
        </assets>
    </extension>
</addon>